month,avg_TPV
2024-01-01T00:00:00.000Z,824.45
2024-02-01T00:00:00.000Z,824.57
2024-03-01T00:00:00.000Z,786.2
2024-04-01T00:00:00.000Z,760.1
2024-05-01T00:00:00.000Z,706.22
2024-06-01T00:00:00.000Z,672
2024-07-01T00:00:00.000Z,617.72
2024-08-01T00:00:00.000Z,581.16
2024-09-01T00:00:00.000Z,577.45
2024-10-01T00:00:00.000Z,543.24
2024-11-01T00:00:00.000Z,519.09
2024-12-01T00:00:00.000Z,508.91
2025-01-01T00:00:00.000Z,488.73
2025-02-01T00:00:00.000Z,472.76
2025-03-01T00:00:00.000Z,458.24
2025-04-01T00:00:00.000Z,442.78
2025-05-01T00:00:00.000Z,438.32
2025-06-01T00:00:00.000Z,435.78
2025-07-01T00:00:00.000Z,434.66
2025-08-01T00:00:00.000Z,424.87
2025-09-01T00:00:00.000Z,431.12
2025-10-01T00:00:00.000Z,421.69
2025-11-01T00:00:00.000Z,434.08
2025-12-01T00:00:00.000Z,421.89
