month,users,previous_month,growth_pct
2024-01-01T00:00:00.000Z,1035,null,null
2024-02-01T00:00:00.000Z,2788,1035,169.37
2024-03-01T00:00:00.000Z,4916,2788,76.33
2024-04-01T00:00:00.000Z,6483,4916,31.88
2024-05-01T00:00:00.000Z,8553,6483,31.93
2024-06-01T00:00:00.000Z,9606,8553,12.31
2024-07-01T00:00:00.000Z,11665,9606,21.43
2024-08-01T00:00:00.000Z,13186,11665,13.04
2024-09-01T00:00:00.000Z,14145,13186,7.27
2024-10-01T00:00:00.000Z,15882,14145,12.28
2024-11-01T00:00:00.000Z,17047,15882,7.34
2024-12-01T00:00:00.000Z,18943,17047,11.12
2025-01-01T00:00:00.000Z,20474,18943,8.08
2025-02-01T00:00:00.000Z,19543,20474,-4.55
2025-03-01T00:00:00.000Z,22834,19543,16.84
2025-04-01T00:00:00.000Z,23544,22834,3.11
2025-05-01T00:00:00.000Z,25926,23544,10.12
2025-06-01T00:00:00.000Z,26179,25926,0.98
2025-07-01T00:00:00.000Z,28563,26179,9.11
2025-08-01T00:00:00.000Z,29634,28563,3.75
2025-09-01T00:00:00.000Z,30068,29634,1.46
2025-10-01T00:00:00.000Z,32454,30068,7.94
2025-11-01T00:00:00.000Z,32977,32454,1.61
2025-12-01T00:00:00.000Z,34179,32977,3.64
